<BackupInst xmlns="http://www.microsoft.com/GroupPolicy/GPOOperations/Manifest"><GPOGuid><![CDATA[{CF6127A4-2A9F-43EF-8473-C551ACB47D5C}]]></GPOGuid><GPODomain><![CDATA[vicroads.com.au]]></GPODomain><GPODomainGuid><![CDATA[{b9369cb8-fbfd-4e1d-b436-fc3be9dac94e}]]></GPODomainGuid><GPODomainController><![CDATA[DC1.vicroads.com.au]]></GPODomainController><BackupTime><![CDATA[2024-12-09T22:52:30]]></BackupTime><ID><![CDATA[{15ED13DF-787D-4BB3-ABF9-5D7D4EEAAE44}]]></ID><Comment><![CDATA[]]></Comment><GPODisplayName><![CDATA[Windows - User Rights Assignments - Remove computer from docking station - ADMINISTRATORS; USERS]]></GPODisplayName></BackupInst>
