<BackupInst xmlns="http://www.microsoft.com/GroupPolicy/GPOOperations/Manifest"><GPOGuid><![CDATA[{E74AE6A3-1D5F-4CA6-BDD4-D2AA42D531B3}]]></GPOGuid><GPODomain><![CDATA[vicroads.com.au]]></GPODomain><GPODomainGuid><![CDATA[{b9369cb8-fbfd-4e1d-b436-fc3be9dac94e}]]></GPODomainGuid><GPODomainController><![CDATA[DC1.vicroads.com.au]]></GPODomainController><BackupTime><![CDATA[2024-12-18T10:02:15]]></BackupTime><ID><![CDATA[{C0E1A7F5-E7DC-4969-9B2E-71A91A861AA0}]]></ID><Comment><![CDATA[]]></Comment><GPODisplayName><![CDATA[Allow log on through Remote Desktop Services]]></GPODisplayName></BackupInst>
