<BackupInst xmlns="http://www.microsoft.com/GroupPolicy/GPOOperations/Manifest"><GPOGuid><![CDATA[{5DCBBF81-46AB-4253-822C-1EE55D8F508F}]]></GPOGuid><GPODomain><![CDATA[vicroads.com.au]]></GPODomain><GPODomainGuid><![CDATA[{b9369cb8-fbfd-4e1d-b436-fc3be9dac94e}]]></GPODomainGuid><GPODomainController><![CDATA[DC1.vicroads.com.au]]></GPODomainController><BackupTime><![CDATA[2024-11-19T12:42:55]]></BackupTime><ID><![CDATA[{967E7D09-6B86-42A0-BBF8-0979339548C7}]]></ID><Comment><![CDATA[]]></Comment><GPODisplayName><![CDATA[Synchronize directory service data]]></GPODisplayName></BackupInst>
